Name,Time,Batt_Volt,Temp,pH,pHmv,Cond,DOpct,DOmgl,DOgain,Turb,Depth,Lat_dd,Long_dd,GPStime,Num_Sats
WNF-S007,6/21/18 14:30,13.85111,23.29,7.77,-96.1,1.182,133.6,11.36,-999,1.2,1.745,41.12735,-73.80826,182940,10
WNF-S007,6/21/18 14:15,13.75693,23.01,7.79,-97.4,1.18,133.9,11.45,-999,1.5,1.749,41.12735,-73.80824,181440,10
WNF-S007,6/21/18 14:00,13.9233,23.13,7.81,-98.4,1.18,140.4,11.97,-999,1.6,1.754,41.12734,-73.80823,175940,10
WNF-S007,6/21/18 13:45,13.88492,23.04,7.79,-97.2,1.18,139.8,11.94,-999,1,1.755,41.12735,-73.80827,174440,9
WNF-S007,6/21/18 13:30,13.92873,23.06,7.79,-97,1.184,139.4,11.9,-999,1.3,1.758,41.12735,-73.80826,172940,10
WNF-S007,6/21/18 13:15,13.67915,23.22,7.78,-96.5,1.184,138.6,11.8,-999,1.4,1.763,41.12734,-73.80826,171440,10
WNF-S007,6/21/18 13:00,13.57274,23.26,7.76,-95.4,1.179,127.7,10.86,-999,1.3,1.762,41.1273,-73.80823,165940,10
WNF-S007,6/21/18 12:45,13.6605,23.06,7.75,-94.7,1.18,118.9,10.15,-999,1.2,1.769,41.1273,-73.80823,164440,10
WNF-S007,6/21/18 12:30,14.04912,22.93,7.74,-93.9,1.175,129.1,11.05,-999,1.6,1.762,41.12732,-73.80821,162940,9
WNF-S007,6/21/18 12:15,13.53351,22.99,7.75,-94.5,1.181,128.3,10.97,-999,1.7,1.769,41.12734,-73.80823,161440,8
WNF-S007,6/21/18 12:00,13.82667,22.99,7.75,-94.6,1.182,130.7,11.18,-999,1.5,1.775,41.12731,-73.80826,155940,10
WNF-S007,6/21/18 11:45,13.84343,23.04,7.77,-95.7,1.178,135.8,11.6,-999,1.7,1.776,41.12733,-73.80827,154440,10
WNF-S007,6/21/18 11:30,14.09823,22.93,7.75,-94.8,1.184,132,11.3,-999,1.5,1.781,41.12732,-73.80824,152940,10
WNF-S007,6/21/18 11:15,13.61027,22.87,7.76,-95.3,1.189,131.3,11.26,-999,1.2,1.779,41.12731,-73.80821,151440,9
WNF-S007,6/21/18 11:00,13.57621,22.91,7.78,-96.4,1.183,132.9,11.38,-999,1.5,1.779,41.1273,-73.80823,145940,8
WNF-S007,6/21/18 10:45,13.45968,22.95,7.79,-96.8,1.179,130.8,11.19,-999,1.8,1.781,41.12732,-73.80823,144440,10
WNF-S007,6/21/18 10:30,14.18559,22.82,7.78,-96.4,1.188,135,11.58,-999,1.7,1.782,41.12731,-73.80822,142940,9
WNF-S007,6/21/18 10:15,13.69796,22.68,7.81,-98,1.186,133.8,11.51,-999,1.7,1.782,41.12734,-73.80826,141440,10
WNF-S007,6/21/18 10:00,13.54834,22.74,7.82,-98.6,1.186,124,10.65,-999,1.8,1.782,41.12731,-73.80822,135940,9
WNF-S007,6/21/18 9:45,13.54834,22.95,7.82,-99.1,1.177,122.2,10.46,-999,1.5,1.779,41.12734,-73.80826,134440,8
WNF-S007,6/21/18 9:30,13.48739,22.79,7.83,-99.3,1.184,132,11.33,-999,1.7,1.777,41.12734,-73.80827,132940,8
WNF-S007,6/21/18 9:15,14.0803,22.74,7.82,-98.6,1.186,131.6,11.3,-999,1.7,1.78,41.12735,-73.8083,131440,8
WNF-S007,6/21/18 9:00,13.78662,22.66,7.84,-100,1.184,134.1,11.54,-999,1.4,1.78,41.12736,-73.80832,125940,8
WNF-S007,6/21/18 8:45,13.57051,22.71,7.92,-104.5,1.171,131,11.26,-999,1.7,1.783,41.12731,-73.80823,124440,8
WNF-S007,6/21/18 8:30,13.3544,22.71,7.89,-103,1.173,133.3,11.46,-999,2,1.779,41.12734,-73.80821,122940,8
WNF-S007,6/21/18 8:15,13.13829,22.91,7.91,-103.9,1.168,115.8,9.91,-999,1.7,1.775,41.12734,-73.80823,121440,8
WNF-S007,6/21/18 8:00,13.06626,22.81,7.89,-103,1.173,122.5,10.51,-999,1.7,1.767,41.12732,-73.80822,115940,8
WNF-S007,6/21/18 7:45,13.03301,22.87,7.89,-102.6,1.173,129.8,11.13,-999,1.8,1.762,41.12731,-73.80821,114440,8
WNF-S007,6/21/18 7:30,12.92772,22.76,7.9,-103.7,1.173,129.2,11.1,-999,1.7,1.765,41.12732,-73.80821,112940,8
WNF-S007,6/21/18 7:15,12.96097,22.96,7.93,-105.5,1.166,129.5,11.08,-999,1.7,1.759,41.12731,-73.80823,111440,8
WNF-S007,6/21/18 7:00,12.80028,22.87,7.93,-105.3,1.174,135.3,11.6,-999,2,1.757,41.12733,-73.80823,105940,9
WNF-S007,6/21/18 6:45,12.70053,22.83,7.92,-104.4,1.172,125.8,10.79,-999,2.1,1.76,41.12734,-73.80826,104440,10
WNF-S007,6/21/18 6:30,12.61187,22.92,7.89,-103.1,1.176,130.4,11.17,-999,2,1.755,41.12732,-73.80826,102940,9
WNF-S007,6/21/18 6:15,12.60079,22.81,7.87,-101.6,1.181,127.4,10.93,-999,1.7,1.754,41.12735,-73.80827,101440,9
WNF-S007,6/21/18 6:00,12.58971,23,7.87,-101.9,1.175,133.9,11.45,-999,1.8,1.752,41.12734,-73.80826,95940,10
WNF-S007,6/21/18 5:45,12.57863,22.81,7.88,-102.4,1.182,131.4,11.28,-999,1.5,1.755,41.12734,-73.80826,94440,10
WNF-S007,6/21/18 5:30,12.58417,22.94,7.9,-103.4,1.176,135.3,11.58,-999,1.8,1.749,41.12734,-73.80824,92940,10
WNF-S007,6/21/18 5:15,12.58971,22.92,7.91,-104.2,1.176,139.5,11.95,-999,1.7,1.748,41.12734,-73.80823,91440,9
WNF-S007,6/21/18 5:00,12.57863,22.8,7.94,-105.9,1.172,141.2,12.12,-999,1.6,1.738,41.12734,-73.80827,85940,7
WNF-S007,6/21/18 4:45,12.58971,22.92,7.93,-105.1,1.18,137.9,11.81,-999,1.6,1.736,41.12733,-73.80827,84440,7
WNF-S007,6/21/18 4:30,12.59525,23.05,7.93,-105.1,1.175,120.6,10.3,-999,1.7,1.733,41.12735,-73.80826,82940,9
WNF-S007,6/21/18 4:15,12.60079,23,7.91,-104.1,1.18,126.2,10.79,-999,1.8,1.741,41.12734,-73.80827,81440,10
WNF-S007,6/21/18 4:00,12.60079,23.08,7.91,-103.8,1.179,133.9,11.43,-999,1.5,1.742,41.12734,-73.80827,75940,10
WNF-S007,6/21/18 3:45,12.60079,22.96,7.9,-103.4,1.184,136.9,11.71,-999,1.7,1.743,41.12733,-73.80826,74440,8
WNF-S007,6/21/18 3:30,12.60633,23.11,7.88,-102.3,1.184,134.6,11.48,-999,1.7,1.751,41.12733,-73.80826,72940,10
WNF-S007,6/21/18 3:15,12.60633,23.13,7.86,-101.1,1.186,130.9,11.17,-999,1.5,1.756,41.12731,-73.80826,71440,9
WNF-S007,6/21/18 3:00,12.61187,22.97,7.82,-99.1,1.191,131.5,11.25,-999,1.4,1.763,41.12731,-73.80826,65940,10
WNF-S007,6/21/18 2:45,12.61741,23.06,7.81,-98.4,1.193,129.6,11.06,-999,1.7,1.765,41.1273,-73.80823,64440,10
WNF-S007,6/21/18 2:30,12.61741,23.16,7.8,-97.9,1.193,133.4,11.38,-999,1.6,1.77,41.1273,-73.80823,62940,9
WNF-S007,6/21/18 2:15,12.62296,23.11,7.8,-97.5,1.193,132.9,11.34,-999,1.4,1.771,41.12731,-73.80823,61440,10
WNF-S007,6/21/18 2:00,12.6285,23.14,7.78,-96.7,1.194,135.1,11.52,-999,1.2,1.775,41.12733,-73.80822,55940,10
WNF-S007,6/21/18 1:45,12.6285,23.12,7.77,-95.7,1.191,133.9,11.42,-999,1.3,1.779,41.1273,-73.80822,54440,9
WNF-S007,6/21/18 1:30,12.62296,23.09,7.78,-96.3,1.19,121,10.33,-999,1.3,1.783,41.12731,-73.80821,52940,8
WNF-S007,6/21/18 1:15,12.63958,23.18,7.79,-97.1,1.185,124.1,10.57,-999,0.9,1.784,41.12725,-73.80818,51440,6
WNF-S007,6/21/18 1:00,12.63404,23.02,7.78,-96.4,1.191,136.5,11.67,-999,0.9,1.791,41.12728,-73.80818,45940,7
WNF-S007,6/21/18 0:45,12.64512,23.14,7.77,-96,1.194,132.9,11.33,-999,1.2,1.788,41.12733,-73.80824,44440,7
WNF-S007,6/21/18 0:30,12.6562,23.08,7.76,-95.1,1.196,132,11.27,-999,1,1.788,41.12735,-73.80821,42940,7
WNF-S007,6/21/18 0:15,12.6562,23.09,7.77,-95.7,1.194,131.2,11.2,-999,1.2,1.786,41.12734,-73.80821,41440,8
WNF-S007,6/21/18 0:00,12.6562,23.04,7.76,-95.1,1.195,135,11.53,-999,0.9,1.775,41.12736,-73.80823,35940,8
WNF-S007,6/20/18 23:45,12.6562,23.06,7.76,-95.1,1.197,130.8,11.17,-999,0.6,1.77,41.12734,-73.80821,34440,6
WNF-S007,6/20/18 23:30,12.66728,23.11,7.78,-96.8,1.196,137.2,11.71,-999,0.7,1.771,41.12735,-73.80821,32940,8
WNF-S007,6/20/18 23:15,12.66728,23.09,7.78,-96.5,1.19,140.1,11.96,-999,0.4,1.769,41.12734,-73.80821,31440,8
WNF-S007,6/20/18 23:00,12.67837,23.11,7.87,-101.7,1.186,139.9,11.94,-999,0.6,1.765,41.12733,-73.80823,25940,8
WNF-S007,6/20/18 22:45,12.67837,23.08,7.92,-104.8,1.178,143.2,12.23,-999,0.8,1.766,41.12736,-73.80827,24440,7
WNF-S007,6/20/18 22:30,12.68391,23.2,7.89,-102.8,1.179,138.4,11.79,-999,0.9,1.766,41.1273,-73.80821,22940,6
WNF-S007,6/20/18 22:15,12.68945,23.14,7.87,-101.7,1.187,126.2,10.76,-999,1,1.768,41.12728,-73.80821,21440,7
WNF-S007,6/20/18 22:00,12.68945,23.15,7.86,-101.3,1.19,125.9,10.73,-999,0.9,1.768,41.12728,-73.80824,15940,7
WNF-S007,6/20/18 21:45,12.69513,23.12,7.8,-97.4,1.196,138,11.77,-999,1,1.768,41.1273,-73.80822,14440,8
WNF-S007,6/20/18 21:30,12.69504,23.07,7.8,-97.5,1.201,138.8,11.85,-999,0.6,1.766,41.12728,-73.80822,12940,7
WNF-S007,6/20/18 21:15,12.70609,23.15,7.77,-95.8,1.191,142.2,12.12,-999,0.3,1.772,41.1273,-73.80821,11440,7
WNF-S007,6/20/18 21:00,12.701,23.06,7.81,-98.3,1.193,142.1,12.13,-999,0.3,1.768,41.12732,-73.80826,5940,7
WNF-S007,6/20/18 20:45,12.71192,23.14,7.83,-99.7,1.194,140.8,12.01,-999,0.7,1.766,41.12727,-73.80818,4440,6
WNF-S007,6/20/18 20:30,12.71307,23.1,7.87,-102.1,1.19,139.7,11.92,-999,0.6,1.764,41.12727,-73.80823,2940,7
WNF-S007,6/20/18 20:15,12.72383,23.14,7.9,-103.6,1.184,143.8,12.27,-999,1,1.761,41.12732,-73.8082,1440,7
WNF-S007,6/20/18 20:00,12.74096,23.17,7.83,-99.4,1.191,143.8,12.25,-999,0.7,1.757,41.12731,-73.80827,235940,7
WNF-S007,6/20/18 19:45,12.77377,23.04,7.81,-98.5,1.204,143.8,12.29,-999,1,1.756,41.12731,-73.80828,234440,9
WNF-S007,6/20/18 19:30,12.79663,23.19,7.83,-99.2,1.19,144.4,12.3,-999,0.9,1.757,41.1273,-73.80827,232940,9
WNF-S007,6/20/18 19:15,13.64381,23.17,7.87,-101.9,1.195,131.8,11.23,-999,0.9,1.758,41.12728,-73.80826,231440,9
WNF-S007,6/20/18 19:00,14.24825,23.22,7.9,-103.9,1.187,132.2,11.25,-999,0.9,1.759,41.1273,-73.80826,225940,9
WNF-S007,6/20/18 18:45,14.23685,23.1,7.9,-103.4,1.189,142.8,12.18,-999,0.9,1.756,41.1273,-73.80827,224440,9
WNF-S007,6/20/18 18:30,14.17161,23.14,7.9,-103.5,1.186,144.1,12.29,-999,0.7,1.76,41.12727,-73.80826,222940,8
WNF-S007,6/20/18 18:15,14.13387,23.18,7.87,-101.8,1.19,140.1,11.93,-999,1,1.761,41.12728,-73.80826,221440,9
WNF-S007,6/20/18 18:00,14.21727,23.23,7.82,-99,1.199,139.3,11.86,-999,1.1,1.76,41.12728,-73.80826,215940,8
WNF-S007,6/20/18 17:45,14.26695,23.09,7.85,-100.6,1.202,140.9,12.03,-999,1.1,1.771,41.1273,-73.80826,214440,9
WNF-S007,6/20/18 17:30,14.17887,22.98,7.85,-100.6,1.208,141.3,12.09,-999,1,1.775,41.12731,-73.80827,212940,9
WNF-S007,6/20/18 17:15,13.91325,23.2,7.82,-98.7,1.203,139.8,11.91,-999,1.2,1.78,41.12734,-73.80823,211440,8
WNF-S007,6/20/18 17:00,13.82456,23.05,7.82,-99,1.208,143.1,12.22,-999,1.3,1.778,41.12732,-73.80828,205940,9
WNF-S007,6/20/18 16:45,14.21812,23.03,7.86,-101.4,1.2,145.9,12.46,-999,1.3,1.784,41.12732,-73.80826,204440,8
WNF-S007,6/20/18 16:30,13.79685,23.12,7.87,-102,1.193,145,12.37,-999,1.5,1.793,41.12731,-73.80824,202940,8
WNF-S007,6/20/18 16:15,14.08509,23.07,7.87,-101.6,1.2,133.2,11.38,-999,1.6,1.794,41.12732,-73.80824,201440,7
WNF-S007,6/20/18 16:00,13.81902,23.05,7.92,-104.6,1.196,137.5,11.74,-999,1.5,1.796,41.12734,-73.80824,195940,8
WNF-S007,6/20/18 15:45,13.65827,22.98,7.95,-106.5,1.181,146.7,12.54,-999,1.3,1.802,41.12732,-73.80824,194440,9
WNF-S007,6/20/18 15:30,13.73033,23.14,7.94,-106,1.172,148.7,12.68,-999,1.6,1.803,41.12732,-73.80821,192940,9
WNF-S007,6/20/18 15:15,13.83565,23.04,7.96,-106.8,1.166,148.6,12.7,-999,1.4,1.809,41.12734,-73.80821,191440,8
WNF-S007,6/20/18 15:00,13.61392,23.07,7.91,-104.2,1.173,140.4,11.99,-999,1.4,1.815,41.12734,-73.80823,185940,9
WNF-S007,6/20/18 14:45,13.66381,23.05,7.88,-102.2,1.182,141.3,12.07,-999,1.4,1.817,41.12735,-73.80826,184440,10
WNF-S007,6/20/18 14:30,13.48089,23.02,7.87,-102,1.176,142.7,12.2,-999,1.6,1.822,41.12735,-73.80826,182940,10
WNF-S007,6/20/18 14:15,13.76913,23.01,7.86,-101.3,1.182,139.1,11.89,-999,1.4,1.825,41.12736,-73.80823,181439,10
WNF-S007,6/20/18 14:00,13.77445,22.75,7.85,-100.5,1.18,140.1,12.04,-999,0.4,1.828,41.12734,-73.80822,175939,10
WNF-S007,6/20/18 13:45,13.45864,22.79,7.83,-99.5,1.184,141.7,12.16,-999,1.4,1.828,41.12734,-73.80826,174439,10
WNF-S007,6/20/18 13:30,13.54681,22.98,7.85,-100.9,1.185,137,11.72,-999,1.4,1.828,41.12734,-73.80826,172939,10
WNF-S007,6/20/18 13:15,13.4914,22.97,7.86,-101.4,1.187,139.6,11.95,-999,1.4,1.833,41.12734,-73.80827,171439,9
WNF-S007,6/20/18 13:00,14.00604,22.92,7.85,-100.6,1.183,126.6,10.84,-999,0.2,1.846,41.1273,-73.80826,165939,10
WNF-S007,6/20/18 12:45,13.92958,22.81,7.84,-100,1.184,127.4,10.93,-999,1.6,1.854,41.12732,-73.80823,164439,9
WNF-S007,6/20/18 12:30,14.05657,22.75,7.78,-96.3,1.183,138.5,11.89,-999,1.3,1.861,41.12734,-73.80824,162939,9
WNF-S007,6/20/18 12:15,13.74657,22.7,7.75,-94.9,1.184,137.4,11.81,-999,1.4,1.87,41.12732,-73.80824,161439,10
WNF-S007,6/20/18 12:00,13.57896,22.88,7.75,-94.5,1.183,130.3,11.16,-999,1.6,1.877,41.12734,-73.8083,155939,9
WNF-S007,6/20/18 11:45,13.56718,22.6,7.75,-94.8,1.187,130.7,11.26,-999,1.5,1.875,41.12733,-73.80827,154439,10
WNF-S007,6/20/18 11:30,13.93239,22.63,7.75,-94.9,1.185,130.8,11.26,-999,1.4,1.88,41.12732,-73.80826,152939,10
WNF-S007,6/20/18 11:15,13.5109,22.62,7.75,-94.5,1.187,128.1,11.03,-999,1.5,1.886,41.12731,-73.80823,151449,9
WNF-S007,6/20/18 11:00,13.57781,22.71,7.73,-93.3,1.183,127.8,10.98,-999,1.6,1.893,41.12731,-73.80823,145939,9
WNF-S007,6/20/18 10:45,13.637,22.59,7.72,-93,1.185,120,10.34,-999,1.2,1.896,41.12732,-73.80823,144439,8
WNF-S007,6/20/18 10:30,14.20775,22.66,7.7,-91.8,1.187,119.1,10.24,-999,1.3,1.889,41.12731,-73.80823,142939,9
WNF-S007,6/20/18 10:15,14.13571,22.6,7.8,-97.7,1.187,129,11.12,-999,1.3,1.897,41.1273,-73.80823,141439,7
WNF-S007,6/20/18 10:00,13.76445,22.62,7.84,-100.1,1.185,111.1,9.57,-999,1.3,1.907,41.1273,-73.80823,135939,8
WNF-S007,6/20/18 9:45,13.94177,22.65,7.88,-102.3,1.172,105.2,9.05,-999,1.1,1.911,41.12733,-73.80828,134449,9
WNF-S007,6/20/18 9:30,13.94731,22.84,7.84,-100.1,1.17,115.8,9.93,-999,1.5,1.914,41.12736,-73.8083,132939,8
WNF-S007,6/20/18 9:15,13.55942,22.84,7.85,-100.7,1.167,115.7,9.92,-999,1.4,1.92,41.12736,-73.8083,131449,7
WNF-S007,6/20/18 9:00,13.30452,22.74,7.84,-99.9,1.179,113.5,9.75,-999,1.4,1.926,41.12735,-73.80827,125949,8
WNF-S007,6/20/18 8:45,13.2879,22.83,7.81,-98.1,1.173,116.3,9.979999,-999,1.6,1.924,41.12734,-73.80826,124449,7
WNF-S007,6/20/18 8:30,13.21032,22.71,7.78,-96.5,1.18,114.6,9.86,-999,1.2,1.924,41.12734,-73.80823,122939,9
WNF-S007,6/20/18 8:15,13.11058,22.82,7.83,-99.4,1.171,108.6,9.32,-999,1.7,1.927,41.12735,-73.80822,121449,7
WNF-S007,6/20/18 8:00,13.02192,22.7,7.76,-95.6,1.181,116.4,10.01,-999,1.5,1.924,41.12734,-73.80821,115949,9
WNF-S007,6/20/18 7:45,12.94434,22.83,7.72,-93.2,1.179,117.2,10.05,-999,1.5,1.923,41.12734,-73.80822,114439,9
WNF-S007,6/20/18 7:30,12.82244,22.9,7.71,-92.6,1.182,120.5,10.32,-999,1.7,1.92,41.12731,-73.80822,112939,10
WNF-S007,6/20/18 7:15,12.73378,22.82,7.72,-92.8,1.184,120.6,10.34,-999,1.7,1.924,41.12734,-73.80826,111439,10
WNF-S007,6/20/18 7:00,12.70053,22.77,7.72,-92.7,1.184,110,9.45,-999,1.4,1.929,41.12734,-73.80824,105939,10
WNF-S007,6/20/18 6:45,12.66728,22.86,7.74,-94.2,1.187,111,9.520001,-999,1.4,1.919,41.12735,-73.80827,104449,9
WNF-S007,6/20/18 6:30,12.65054,22.81,7.73,-93.7,1.188,121.9,10.46,-999,1.4,1.921,41.12734,-73.80826,102949,9
WNF-S007,6/20/18 6:15,12.62295,22.78,7.74,-94.4,1.186,126.3,10.85,-999,1.5,1.921,41.12734,-73.80826,101439,9
WNF-S007,6/20/18 6:00,12.61732,22.88,7.7,-92.1,1.19,127.1,10.89,-999,1.4,1.918,41.12736,-73.80826,95939,9
WNF-S007,6/20/18 5:45,12.60068,22.89,7.69,-91.3,1.19,128.7,11.03,-999,1.4,1.912,41.12734,-73.80826,94439,10
WNF-S007,6/20/18 5:30,12.57845,22.87,7.68,-90.9,1.191,129.5,11.1,-999,1.5,1.905,41.12735,-73.80827,92949,9
WNF-S007,6/20/18 5:15,12.58416,22.91,7.69,-91.5,1.191,115,9.85,-999,1.2,1.9,41.12733,-73.80824,91439,10
WNF-S007,6/20/18 5:00,12.60079,22.83,7.7,-91.6,1.194,124.4,10.67,-999,1.1,1.9,41.12734,-73.80826,85939,8
WNF-S007,6/20/18 4:45,12.60079,22.91,7.71,-92.5,1.192,133.4,11.43,-999,1,1.893,41.12734,-73.8083,84449,8
WNF-S007,6/20/18 4:30,12.60633,22.84,7.72,-93,1.193,135.8,11.65,-999,0,1.882,41.12734,-73.80826,82939,9
WNF-S007,6/20/18 4:15,12.60079,22.94,7.74,-93.9,1.185,134.8,11.54,-999,1,1.886,41.12733,-73.8083,81449,9
WNF-S007,6/20/18 4:00,12.60633,22.93,7.75,-94.8,1.186,125.9,10.78,-999,1.1,1.886,41.12734,-73.8083,75949,9
WNF-S007,6/20/18 3:45,12.61187,22.89,7.76,-95.3,1.186,128.8,11.03,-999,1.3,1.884,41.12734,-73.80826,74449,9
WNF-S007,6/20/18 3:30,12.61187,22.82,7.73,-93.3,1.185,139.2,11.94,-999,0.8,1.882,41.12734,-73.80826,72949,8
WNF-S007,6/20/18 3:15,12.61187,22.87,7.73,-93.6,1.184,134.6,11.53,-999,0.8,1.884,41.1273,-73.80826,71439,9
WNF-S007,6/20/18 3:00,12.61187,22.89,7.65,-88.7,1.189,138.5,11.87,-999,0.8,1.883,41.12731,-73.80826,65949,9
WNF-S007,6/20/18 2:45,12.62296,22.86,7.63,-87.5,1.197,136.6,11.71,-999,0.7,1.886,41.12728,-73.80823,64439,9
WNF-S007,6/20/18 2:30,12.61741,22.82,7.63,-87.7,1.198,137.7,11.82,-999,0.7,1.88,41.12733,-73.80824,62939,10
WNF-S007,6/20/18 2:15,12.6285,22.88,7.63,-87.7,1.198,137.5,11.78,-999,0.8,1.876,41.1273,-73.80826,61449,10
WNF-S007,6/20/18 2:00,12.62296,22.9,7.64,-88,1.195,120.3,10.3,-999,0.5,1.872,41.1273,-73.80824,55949,10
WNF-S007,6/20/18 1:45,12.62296,22.8,7.64,-88.3,1.199,128.1,10.99,-999,0.6,1.874,41.1273,-73.80823,54440,8
WNF-S007,6/20/18 1:30,12.63404,22.88,7.63,-87.9,1.197,135.7,11.63,-999,0.6,1.876,41.1273,-73.80826,52940,8
WNF-S007,6/20/18 1:15,12.63958,22.97,7.62,-87.3,1.194,139.8,11.96,-999,0.6,1.875,41.1273,-73.80823,51450,7
WNF-S007,6/20/18 1:00,12.64512,22.96,7.64,-88.1,1.194,139.1,11.9,-999,0.1,1.871,41.1273,-73.80823,45940,5
WNF-S007,6/20/18 0:45,12.63958,22.86,7.64,-88.4,1.198,138.7,11.89,-999,0.5,1.876,41.12734,-73.80823,44450,6
WNF-S007,6/20/18 0:30,12.65066,22.87,7.64,-88.4,1.198,130.9,11.22,-999,0.1,1.872,41.12734,-73.80823,42940,8
WNF-S007,6/20/18 0:15,12.64512,22.95,7.65,-88.8,1.194,130.6,11.18,-999,0.4,1.866,41.12736,-73.80823,41450,8
WNF-S007,6/20/18 0:00,12.6562,22.92,7.65,-89.1,1.193,136.7,11.71,-999,0,1.87,41.12735,-73.80823,35950,7
WNF-S007,6/19/18 23:45,12.66174,22.97,7.65,-88.8,1.194,138.9,11.88,-999,3.3,1.868,41.12735,-73.80821,34440,8
WNF-S007,6/19/18 23:30,12.66728,22.94,7.65,-88.8,1.193,139.3,11.92,-999,3.8,1.866,41.12736,-73.80823,32940,8
WNF-S007,6/19/18 23:15,12.66728,22.94,7.65,-88.7,1.194,138.5,11.85,-999,0.1,1.876,41.12734,-73.80823,31440,8
WNF-S007,6/19/18 23:00,12.67283,22.86,7.66,-89.3,1.197,138.7,11.89,-999,0.3,1.876,41.12738,-73.80827,25950,8
WNF-S007,6/19/18 22:45,12.67837,22.98,7.66,-89.7,1.192,128.5,10.99,-999,0.4,1.88,41.12734,-73.80823,24440,7
WNF-S007,6/19/18 22:30,12.68391,22.89,7.66,-89.6,1.196,136.9,11.73,-999,0.6,1.876,41.12724,-73.80816,22950,8
WNF-S007,6/19/18 22:15,12.68391,22.97,7.65,-88.6,1.195,137,11.72,-999,0.6,1.873,41.12731,-73.80821,21440,7
WNF-S007,6/19/18 22:00,12.68945,22.88,7.65,-88.7,1.197,140.1,12,-999,0.6,1.872,41.12728,-73.80823,15940,7
WNF-S007,6/19/18 21:45,12.68945,22.9,7.65,-88.7,1.198,138.3,11.85,-999,0.8,1.868,41.1273,-73.80822,14440,6
WNF-S007,6/19/18 21:30,12.69499,22.88,7.64,-88.3,1.199,139.8,11.98,-999,0.7,1.863,41.1273,-73.80821,12940,7
WNF-S007,6/19/18 21:15,12.69505,22.89,7.65,-88.7,1.196,125.9,10.79,-999,0.9,1.852,41.1273,-73.8082,11440,6
WNF-S007,6/19/18 21:00,12.71192,22.88,7.66,-89.6,1.195,127.4,10.92,-999,0.6,1.845,41.12734,-73.80818,5940,6
WNF-S007,6/19/18 20:45,12.70093,22.85,7.66,-89.2,1.196,138.5,11.88,-999,0.6,1.835,41.12734,-73.80821,4440,6
WNF-S007,6/19/18 20:30,12.71319,22.89,7.67,-90,1.195,141.6,12.13,-999,0.7,1.828,41.12732,-73.80823,2950,7
WNF-S007,6/19/18 20:15,12.71876,22.84,7.68,-90.5,1.196,141.5,12.14,-999,0.8,1.824,41.1273,-73.80821,1450,7
WNF-S007,6/19/18 20:00,12.74062,22.87,7.71,-92.2,1.194,142.7,12.23,-999,0.9,1.814,41.12732,-73.80827,235940,7
WNF-S007,6/19/18 19:45,12.75409,22.96,7.72,-93,1.19,142.4,12.19,-999,0.7,1.807,41.12732,-73.80827,234440,9
WNF-S007,6/19/18 19:30,12.76512,22.85,7.7,-91.7,1.197,141,12.09,-999,0.8,1.801,41.12728,-73.80822,232940,8
WNF-S007,6/19/18 19:15,12.78678,22.89,7.71,-92.6,1.191,143.1,12.26,-999,0.8,1.797,41.1273,-73.80823,231440,9
WNF-S007,6/19/18 19:00,12.81017,22.73,7.7,-92,1.194,143.3,12.32,-999,0.7,1.794,41.12728,-73.80826,225950,9
WNF-S007,6/19/18 18:45,12.88223,22.99,7.69,-91.2,1.197,145.9,12.48,-999,0.4,1.793,41.12728,-73.80827,224440,9
WNF-S007,6/19/18 18:30,12.95429,22.74,7.69,-91.3,1.202,145.9,12.54,-999,0.6,1.785,41.12727,-73.80826,222940,8
WNF-S007,6/19/18 18:15,13.24253,22.86,7.75,-94.7,1.19,143.5,12.3,-999,1,1.785,41.12727,-73.80824,221440,9
WNF-S007,6/19/18 18:00,13.56403,22.79,7.7,-92,1.188,132.1,11.34,-999,0.6,1.787,41.12728,-73.80826,215940,9
WNF-S007,6/19/18 17:45,13.62501,22.94,7.72,-93.1,1.193,133.2,11.4,-999,0.7,1.784,41.1273,-73.80823,214440,8
WNF-S007,6/19/18 17:30,13.53078,22.69,7.73,-93.4,1.191,141.7,12.18,-999,0.8,1.78,41.12731,-73.80824,212940,9
WNF-S007,6/19/18 17:15,14.02411,22.74,7.74,-94.4,1.186,141.8,12.18,-999,0.8,1.782,41.12732,-73.80822,211440,9
WNF-S007,6/19/18 17:00,13.94651,22.79,7.74,-94.2,1.185,142,12.19,-999,1,1.781,41.12731,-73.80827,205940,9
WNF-S007,6/19/18 16:45,13.70816,22.72,7.76,-95.3,1.186,138.4,11.9,-999,0.9,1.782,41.12732,-73.80826,204440,7
WNF-S007,6/19/18 16:30,13.59175,22.76,7.79,-97,1.187,140.4,12.06,-999,1.1,1.776,41.1273,-73.80823,202940,7
WNF-S007,6/19/18 16:15,13.73033,22.76,7.74,-94,1.183,137.9,11.84,-999,1.1,1.777,41.12731,-73.80823,201440,7
WNF-S007,6/19/18 16:00,13.96314,22.64,7.84,-100.1,1.176,141.8,12.21,-999,1.3,1.774,41.12731,-73.80827,195940,9
WNF-S007,6/19/18 15:45,13.84119,22.71,7.78,-96.7,1.174,139.3,11.98,-999,1.5,1.774,41.12735,-73.80823,194440,10
WNF-S007,6/19/18 15:30,14.00749,22.55,7.82,-98.7,1.185,139.1,12,-999,1.5,1.775,41.12733,-73.80821,192940,9
WNF-S007,6/19/18 15:15,13.81902,22.43,7.8,-97.8,1.169,142.1,12.28,-999,1.7,1.777,41.12732,-73.80821,191440,8
WNF-S007,6/19/18 15:00,13.62501,22.53,7.76,-95.1,1.174,129.2,11.15,-999,1.6,1.783,41.12732,-73.80822,185940,10
WNF-S007,6/19/18 14:45,13.46426,22.77,7.75,-94.7,1.177,127.7,10.96,-999,1.3,1.788,41.12735,-73.80823,184440,10
WNF-S007,6/19/18 14:30,13.50306,22.37,7.75,-94.5,1.176,136.5,11.81,-999,1.6,1.787,41.12734,-73.80824,182940,10
WNF-S007,6/19/18 14:15,13.55786,21.98,7.73,-93.6,1.185,135.2,11.78,-999,1.3,1.787,41.12736,-73.80826,181440,10
WNF-S007,6/19/18 14:00,13.53619,22.46,7.73,-93.3,1.176,135.9,11.74,-999,1.4,1.791,41.12732,-73.80823,175950,10
WNF-S007,6/19/18 13:45,13.67433,22.28,7.76,-95,1.169,134.3,11.64,-999,1.5,1.794,41.12734,-73.80822,174440,10
WNF-S007,6/19/18 13:30,13.77857,22.3,7.7,-91.5,1.187,130.4,11.3,-999,1.2,1.791,41.12733,-73.80826,172940,10
WNF-S007,6/19/18 13:15,13.88422,22.35,7.66,-89.2,1.189,136.3,11.8,-999,1.2,1.793,41.1273,-73.80821,171440,9
WNF-S007,6/19/18 13:00,13.60253,22.29,7.67,-89.7,1.188,135.9,11.78,-999,1.2,1.797,41.1273,-73.80822,165940,10
WNF-S007,6/19/18 12:45,13.55213,22.1,7.67,-89.9,1.19,134.3,11.68,-999,0.9,1.802,41.1273,-73.80823,164440,9
WNF-S007,6/19/18 12:30,13.91248,22.3,7.72,-93.2,1.175,134.7,11.67,-999,1.2,1.802,41.12732,-73.80823,162940,9
WNF-S007,6/19/18 12:15,13.66364,21.96,7.7,-91.9,1.174,133.3,11.63,-999,1.4,1.807,41.1273,-73.80826,161440,9
WNF-S007,6/19/18 12:00,14.11098,21.95,7.67,-89.8,1.181,132,11.52,-999,1.3,1.803,41.12731,-73.80826,155940,9
WNF-S007,6/19/18 11:45,13.78464,22.17,7.65,-88.8,1.188,130.9,11.37,-999,1.2,1.807,41.12732,-73.80827,154440,10
WNF-S007,6/19/18 11:30,13.49011,22,7.67,-90,1.182,124.3,10.84,-999,1.2,1.798,41.12731,-73.80823,152940,10
WNF-S007,6/19/18 11:15,13.66751,22.3,7.66,-89.3,1.178,125,10.83,-999,1.2,1.794,41.1273,-73.80821,151440,9
WNF-S007,6/19/18 11:00,13.49001,21.95,7.68,-90.6,1.182,133.4,11.64,-999,1.3,1.795,41.12732,-73.80822,145940,9
WNF-S007,6/19/18 10:45,13.81679,21.89,7.61,-86.3,1.195,127.4,11.12,-999,0.9,1.788,41.12732,-73.80823,144440,10
WNF-S007,6/19/18 10:30,13.55082,21.79,7.63,-87.8,1.181,130,11.38,-999,1.1,1.791,41.12731,-73.80822,142940,10
WNF-S007,6/19/18 10:15,14.09392,22.05,7.63,-87.6,1.184,129.5,11.27,-999,1.2,1.784,41.12731,-73.80823,141440,9
WNF-S007,6/19/18 10:00,14.14961,21.96,7.62,-87.1,1.186,126.9,11.07,-999,1.2,1.781,41.1273,-73.80822,135940,8
WNF-S007,6/19/18 9:45,13.88954,22.01,7.59,-85,1.185,126.5,11.02,-999,1,1.778,41.12732,-73.80826,134440,8
WNF-S007,6/19/18 9:30,14.03353,22.04,7.59,-85.2,1.181,128.1,11.16,-999,1.1,1.772,41.12734,-73.80827,132940,8
WNF-S007,6/19/18 9:15,13.53407,21.8,7.58,-84.7,1.186,125.9,11.01,-999,1,1.771,41.12733,-73.80824,131440,8
WNF-S007,6/19/18 9:00,13.27508,22.07,7.59,-85.5,1.181,126.1,10.98,-999,1.2,1.764,41.12734,-73.80827,125940,7
WNF-S007,6/19/18 8:45,13.22344,21.9,7.57,-84.2,1.185,126,11,-999,1.1,1.765,41.12734,-73.80823,124440,9
WNF-S007,6/19/18 8:30,13.31147,21.89,7.59,-85,1.186,115.3,10.07,-999,1.1,1.758,41.12734,-73.80822,122940,9
WNF-S007,6/19/18 8:15,13.22856,21.8,7.58,-84.6,1.193,111.1,9.72,-999,1.1,1.758,41.12734,-73.80823,121440,8
WNF-S007,6/19/18 8:00,13.16172,22.03,7.6,-85.6,1.184,124.3,10.82,-999,1.2,1.753,41.12732,-73.8082,115940,10
WNF-S007,6/19/18 7:45,13.06648,21.93,7.59,-85.2,1.187,123.9,10.81,-999,1.1,1.75,41.12731,-73.8082,114440,9
WNF-S007,6/19/18 7:30,12.97205,21.65,7.57,-84.3,1.192,122.3,10.73,-999,1,1.744,41.1273,-73.80821,112940,8
WNF-S007,6/19/18 7:15,12.89448,21.88,7.58,-84.5,1.187,124.6,10.89,-999,0.4,1.741,41.12733,-73.80823,111440,10
WNF-S007,6/19/18 7:00,12.85569,21.94,7.58,-84.8,1.184,122.3,10.67,-999,1,1.742,41.12735,-73.80826,105940,9
WNF-S007,6/19/18 6:45,12.78365,21.72,7.58,-84.6,1.19,120.6,10.57,-999,0.4,1.734,41.12734,-73.80826,104440,9
WNF-S007,6/19/18 6:30,12.7227,21.79,7.57,-84.3,1.188,121.3,10.61,-999,0.4,1.726,41.12734,-73.80826,102940,9
WNF-S007,6/19/18 6:15,12.69499,21.91,7.58,-84.5,1.183,116.9,10.21,-999,0.7,1.718,41.12734,-73.80827,101440,9
WNF-S007,6/19/18 6:00,12.66728,21.78,7.57,-84,1.192,120.7,10.57,-999,0.2,1.716,41.12734,-73.80826,95940,10
WNF-S007,6/19/18 5:45,12.64512,21.75,7.56,-83.7,1.194,120.5,10.55,-999,0.4,1.71,41.12734,-73.80827,94440,10
WNF-S007,6/19/18 5:30,12.64512,21.82,7.57,-84.4,1.193,122.6,10.72,-999,0.2,1.705,41.12734,-73.80826,92940,8
WNF-S007,6/19/18 5:15,12.65066,21.79,7.58,-84.5,1.195,124.9,10.93,-999,0.2,1.702,41.12734,-73.8083,91440,10
WNF-S007,6/19/18 5:00,12.6562,21.76,7.58,-84.4,1.197,112.4,9.85,-999,0.2,1.694,41.12734,-73.80826,85940,9
WNF-S007,6/19/18 4:45,12.6562,21.84,7.58,-84.8,1.188,111.6,9.75,-999,0,1.691,41.12735,-73.80827,84440,9
WNF-S007,6/19/18 4:30,12.6562,21.75,7.57,-84.3,1.19,119.8,10.49,-999,0.3,1.686,41.12734,-73.8083,82940,9
WNF-S007,6/19/18 4:15,12.66174,21.75,7.58,-84.8,1.19,121.6,10.65,-999,0.3,1.692,41.12735,-73.80824,81440,8
WNF-S007,6/19/18 4:00,12.66728,21.72,7.59,-84.9,1.197,123.5,10.82,-999,0.4,1.693,41.12734,-73.80826,75940,8
WNF-S007,6/19/18 3:45,12.66174,21.66,7.59,-85.1,1.197,125.4,11,-999,0.6,1.696,41.12734,-73.80827,74440,9
WNF-S007,6/19/18 3:30,12.67283,21.77,7.59,-85,1.192,123.7,10.83,-999,0.5,1.697,41.12732,-73.80824,72940,8
WNF-S007,6/19/18 3:15,12.67283,21.76,7.58,-84.8,1.19,121.9,10.68,-999,0.1,1.701,41.12732,-73.80827,71440,10
WNF-S007,6/19/18 3:00,12.66728,21.87,7.6,-85.8,1.185,114.1,9.97,-999,0.3,1.703,41.1273,-73.80826,65940,9
WNF-S007,6/19/18 2:45,12.67837,21.82,7.6,-85.5,1.186,120,10.49,-999,0.4,1.709,41.12732,-73.80823,64440,10
WNF-S007,6/19/18 2:30,12.68435,21.67,7.59,-85.3,1.194,123.7,10.85,-999,0.6,1.715,41.12734,-73.80823,62940,10
WNF-S007,6/19/18 2:15,12.68404,21.76,7.61,-86.1,1.188,124.3,10.88,-999,0.5,1.72,41.12731,-73.80823,61440,10
WNF-S007,6/19/18 2:00,12.68414,21.82,7.61,-86.3,1.191,125.6,10.98,-999,0.4,1.717,41.12732,-73.80823,55940,9
WNF-S007,6/19/18 1:45,12.69587,21.91,7.61,-86.6,1.185,119.4,10.42,-999,0.6,1.718,41.1273,-73.80822,54440,8
WNF-S007,6/19/18 1:30,12.69037,21.69,7.59,-85.5,1.191,119.1,10.44,-999,0.6,1.724,41.12731,-73.80824,52940,7
WNF-S007,6/19/18 1:15,12.69593,21.65,7.6,-86,1.193,123.4,10.83,-999,0.5,1.718,41.12728,-73.8082,51440,7
WNF-S007,6/19/18 1:00,12.69543,21.67,7.62,-87.2,1.19,124.7,10.93,-999,0.6,1.718,41.1273,-73.8082,45940,6
WNF-S007,6/19/18 0:45,12.69584,22.02,7.63,-87.6,1.18,127.1,11.08,-999,0.6,1.725,41.12734,-73.80824,44440,7
WNF-S007,6/19/18 0:30,12.70721,21.7,7.62,-87.1,1.188,125.9,11.03,-999,0.7,1.736,41.12734,-73.80823,42940,8
WNF-S007,6/19/18 0:15,12.71304,21.75,7.61,-86.6,1.188,124.8,10.93,-999,0.5,1.735,41.12734,-73.80823,41440,8
WNF-S007,6/19/18 0:00,12.71844,21.79,7.6,-85.6,1.185,116.3,10.18,-999,0.5,1.744,41.12736,-73.8082,35940,7
WNF-S007,6/18/18 23:45,12.72438,21.66,7.6,-86.1,1.2,120.8,10.6,-999,0.4,1.756,41.12734,-73.80821,34440,9
WNF-S007,6/18/18 23:30,12.7243,21.87,7.63,-87.4,1.189,129.5,11.31,-999,0.1,1.772,41.12733,-73.80824,32940,9
WNF-S007,6/18/18 23:15,12.71872,21.7,7.6,-86,1.199,130.2,11.41,-999,0,1.78,41.12734,-73.80826,31440,8
WNF-S007,6/18/18 23:00,12.72372,21.72,7.62,-87,1.192,129.8,11.37,-999,0.1,1.784,41.12735,-73.80826,25940,7
WNF-S007,6/18/18 22:45,12.7302,21.69,7.62,-87,1.2,126.9,11.13,-999,0.3,1.784,41.1273,-73.80821,24440,7
WNF-S007,6/18/18 22:30,12.72404,21.78,7.63,-87.8,1.194,127,11.11,-999,0.6,1.779,41.12731,-73.80823,22940,8
WNF-S007,6/18/18 22:15,12.74164,21.81,7.65,-88.6,1.167,127.4,11.14,-999,0.6,1.78,41.1273,-73.80823,21440,7
WNF-S007,6/18/18 22:00,12.7482,21.75,7.64,-88.3,1.184,127.6,11.17,-999,0.6,1.789,41.12732,-73.80824,15940,7
WNF-S007,6/18/18 21:45,12.74255,21.77,7.6,-85.8,1.187,128.2,11.22,-999,0.4,1.781,41.12731,-73.80823,14440,7
WNF-S007,6/18/18 21:30,12.75938,21.75,7.62,-87.2,1.19,130,11.38,-999,0.6,1.782,41.12731,-73.80823,12940,8
WNF-S007,6/18/18 21:15,12.77075,21.73,7.59,-85.5,1.199,128.8,11.28,-999,0.5,1.777,41.12731,-73.80826,11440,7
WNF-S007,6/18/18 21:00,12.77638,21.73,7.6,-85.6,1.196,120.5,10.55,-999,0.6,1.767,41.12735,-73.80816,5940,8
WNF-S007,6/18/18 20:45,12.78245,21.81,7.62,-87.2,1.214,124.8,10.91,-999,0.8,1.755,41.12734,-73.80818,4440,6
WNF-S007,6/18/18 20:30,12.788,21.77,7.6,-85.7,1.209,130.1,11.39,-999,0.8,1.754,41.12731,-73.80821,2950,7
WNF-S007,6/18/18 20:15,12.80463,21.83,7.6,-86.1,1.193,130.3,11.39,-999,0.8,1.759,41.12731,-73.80824,1440,8
WNF-S007,6/18/18 20:00,12.8656,21.93,7.63,-87.3,1.188,130.1,11.35,-999,0.4,1.753,41.12731,-73.80827,235940,7
WNF-S007,6/18/18 19:45,12.86006,21.8,7.62,-86.7,1.197,127.5,11.16,-999,0.9,1.753,41.12731,-73.80827,234440,9
WNF-S007,6/18/18 19:30,12.8268,21.75,7.62,-86.7,1.199,125.2,10.97,-999,0.7,1.75,41.12731,-73.80826,232940,9
WNF-S007,6/18/18 19:15,12.83234,21.72,7.64,-88,1.187,130.3,11.41,-999,0.8,1.75,41.12731,-73.80824,231440,9
WNF-S007,6/18/18 19:00,12.89332,21.72,7.63,-87.4,1.194,128.4,11.25,-999,0.9,1.741,41.12731,-73.80824,225940,9
WNF-S007,6/18/18 18:45,13.91325,21.66,7.62,-87.2,1.203,129.1,11.33,-999,0.6,1.751,41.12728,-73.80827,224440,9
WNF-S007,6/18/18 18:30,14.13498,21.62,7.66,-89.2,1.192,128.9,11.31,-999,0.8,1.76,41.12728,-73.80826,222940,9
WNF-S007,6/18/18 18:15,14.06846,21.71,7.65,-88.8,1.195,130.3,11.41,-999,0.4,1.754,41.12728,-73.80826,221440,9
WNF-S007,6/18/18 18:00,13.70816,21.72,7.68,-90.2,1.187,123.2,10.8,-999,0.8,1.765,41.1273,-73.80824,215940,9
WNF-S007,6/18/18 17:45,13.40883,21.93,7.69,-91,1.179,126.2,11.01,-999,1,1.777,41.1273,-73.80823,214440,9
WNF-S007,6/18/18 17:30,13.44209,21.73,7.67,-89.7,1.188,128.5,11.26,-999,0.9,1.782,41.12732,-73.80826,212940,9
WNF-S007,6/18/18 17:15,14.04074,21.69,7.65,-88.6,1.202,124.8,10.94,-999,0.9,1.791,41.12732,-73.80826,211440,8
WNF-S007,6/18/18 17:00,13.94651,21.72,7.7,-91.8,1.18,127.6,11.18,-999,0.8,1.796,41.12732,-73.80827,205940,9
WNF-S007,6/18/18 16:45,13.53632,21.72,7.65,-88.6,1.212,123.5,10.82,-999,1.3,1.809,41.1273,-73.80823,204440,7
WNF-S007,6/18/18 16:30,13.53632,21.29,7.66,-89.3,1.193,122.1,10.79,-999,0.9,1.823,41.12733,-73.80823,202940,9
WNF-S007,6/18/18 16:15,13.45872,21.63,7.67,-90.1,1.182,124.4,10.92,-999,1,1.822,41.12732,-73.80826,201440,7
WNF-S007,6/18/18 16:00,14.06846,21.66,7.68,-90.3,1.186,127.6,11.2,-999,1.4,1.825,41.12731,-73.80823,195940,7
WNF-S007,6/18/18 15:45,14.21258,21.43,7.71,-92.1,1.203,129.4,11.4,-999,1.4,1.829,41.12732,-73.80821,194440,9
WNF-S007,6/18/18 15:30,13.4698,21.5,7.7,-91.9,1.194,122.5,10.78,-999,1.3,1.837,41.12734,-73.80823,192940,9
WNF-S007,6/18/18 15:15,13.70261,21.55,7.73,-93.5,1.172,125.5,11.03,-999,1.6,1.844,41.12734,-73.80821,191440,9
WNF-S007,6/18/18 15:00,13.63055,21.62,7.71,-92.5,1.17,121.1,10.63,-999,1.3,1.853,41.12735,-73.80823,185940,10
WNF-S007,6/18/18 14:45,13.85228,21.49,7.69,-91.2,1.177,120.4,10.59,-999,1.4,1.862,41.12733,-73.80823,184440,11
WNF-S007,6/18/18 14:30,13.65827,21.61,7.72,-92.7,1.172,122.1,10.73,-999,1,1.874,41.12734,-73.80827,182940,10
WNF-S007,6/18/18 14:15,13.59175,21.45,7.73,-93.3,1.168,123.6,10.89,-999,1.2,1.885,41.12736,-73.80823,181440,10
WNF-S007,6/18/18 14:00,13.6749,21.35,7.72,-92.5,1.171,124.5,10.99,-999,1.4,1.893,41.12736,-73.80827,175940,9
WNF-S007,6/18/18 13:45,13.76359,21.31,7.71,-92.2,1.172,120.1,10.61,-999,1.5,1.903,41.12734,-73.80826,174440,10
WNF-S007,6/18/18 13:30,13.85782,21.25,7.69,-91.1,1.186,117.3,10.37,-999,1.3,1.912,41.12734,-73.80826,172940,10
WNF-S007,6/18/18 13:15,13.431,21.23,7.7,-91.8,1.176,120.6,10.67,-999,1.2,1.919,41.12732,-73.80823,171440,9
WNF-S007,6/18/18 13:00,13.54186,21.31,7.7,-91.5,1.176,121.5,10.73,-999,1.5,1.928,41.1273,-73.80823,165940,8
WNF-S007,6/18/18 12:45,13.43654,21.45,7.72,-92.6,1.149,122.5,10.79,-999,1.3,1.939,41.1273,-73.80823,164440,9
WNF-S007,6/18/18 12:30,13.83011,21.25,7.71,-92.3,1.176,122.7,10.85,-999,1.7,1.94,41.12733,-73.80826,162940,9
WNF-S007,6/18/18 12:15,13.48089,21.22,7.72,-92.5,1.173,118.2,10.46,-999,1.5,1.944,41.12733,-73.80826,161440,10
WNF-S007,6/18/18 12:00,13.81902,21.35,7.74,-93.7,1.167,113.2,9.99,-999,1.6,1.945,41.12734,-73.80824,155940,10
WNF-S007,6/18/18 11:45,13.87445,20.96,7.72,-92.8,1.168,119.2,10.6,-999,1.6,1.953,41.12734,-73.80823,154440,10
WNF-S007,6/18/18 11:30,13.63055,21.15,7.72,-92.6,1.169,120.7,10.7,-999,1.6,1.961,41.12732,-73.80823,152940,9
WNF-S007,6/18/18 11:15,13.92432,21.05,7.75,-94.7,1.167,121.3,10.76,-999,1.6,1.967,41.12732,-73.80827,151440,8
WNF-S007,6/18/18 11:00,13.60262,21.09,7.72,-92.7,1.166,121,10.74,-999,1.5,1.974,41.12732,-73.80822,145940,9
WNF-S007,6/18/18 10:45,13.67364,21.07,7.74,-93.7,1.164,123.5,10.95,-999,1.5,1.976,41.12732,-73.80826,144440,9
WNF-S007,6/18/18 10:30,13.61776,21.03,7.7,-91.8,1.17,121.1,10.76,-999,1.4,1.979,41.12734,-73.80826,142940,10
WNF-S007,6/18/18 10:15,13.50792,20.92,7.7,-91.7,1.172,116.9,10.4,-999,1.5,1.983,41.12734,-73.80826,141440,10
WNF-S007,6/18/18 10:00,13.50633,20.96,7.7,-91.5,1.168,118.3,10.52,-999,1.5,1.994,41.12734,-73.80828,135940,10
WNF-S007,6/17/18 18:30,9.567439,20.72,7.68,-90.6,1.173,114.7,10.25,-999,1.2,2.069,41.12728,-73.80827,222940,8
WNF-S007,6/17/18 18:15,9.62287,20.83,7.7,-91.4,1.162,116.5,10.39,-999,1.4,2.069,41.12727,-73.80826,221440,8
WNF-S007,6/17/18 18:00,9.90557,20.9,7.69,-90.7,1.168,116.3,10.35,-999,0.8,2.069,41.1273,-73.80826,215940,9
WNF-S007,6/17/18 17:45,10.01089,20.8,7.69,-91,1.164,115.6,10.31,-999,1,2.071,41.12731,-73.80826,214440,9
WNF-S007,6/17/18 17:30,10.07741,20.79,7.7,-91.4,1.166,114.3,10.2,-999,1.3,2.071,41.1273,-73.80823,212940,9
WNF-S007,6/17/18 17:15,10.11621,20.75,7.73,-93.2,1.163,116.8,10.43,-999,1.2,2.068,41.12733,-73.80828,211440,9
WNF-S007,6/17/18 17:00,10.08849,20.75,7.75,-94.6,1.152,117.5,10.49,-999,1.5,2.071,41.12733,-73.80826,205940,8
WNF-S007,6/17/18 16:45,10.13284,20.77,7.78,-95.9,1.142,119.7,10.68,-999,1.4,2.075,41.1273,-73.8082,204440,7
WNF-S007,6/17/18 16:30,10.40999,20.77,7.79,-96.6,1.149,107.8,9.62,-999,1.4,2.073,41.12732,-73.80823,202940,6
WNF-S007,6/17/18 16:15,10.43217,20.73,7.83,-98.9,1.133,111.4,9.95,-999,1.3,2.071,41.12732,-73.80823,201440,7
WNF-S007,6/17/18 16:00,10.12175,20.72,7.82,-98.3,1.131,118.9,10.62,-999,1.5,2.064,41.12732,-73.80823,195940,8
WNF-S007,6/17/18 15:45,10.52086,20.69,7.83,-98.9,1.14,119.2,10.66,-999,1.5,2.066,41.12732,-73.80821,194440,8
WNF-S007,6/17/18 15:30,10.39337,20.64,7.79,-96.7,1.141,117.4,10.5,-999,1.4,2.071,41.12734,-73.80821,192940,9
WNF-S007,6/17/18 15:15,10.51531,20.63,7.76,-95.1,1.148,114.7,10.27,-999,1.4,2.077,41.12735,-73.80823,191440,9
WNF-S007,6/17/18 15:00,10.43217,20.57,7.78,-96,1.142,114.4,10.25,-999,1.4,2.075,41.12734,-73.80823,185940,10
WNF-S007,6/17/18 14:45,10.58183,20.56,7.79,-96.5,1.136,116.1,10.4,-999,1.6,2.072,41.12734,-73.80824,184440,10
WNF-S007,6/17/18 14:30,10.55966,20.47,7.78,-95.9,1.153,114.7,10.29,-999,1.4,2.075,41.12735,-73.80823,182940,10
WNF-S007,6/17/18 14:15,10.49314,20.48,7.78,-96.1,1.143,116.8,10.48,-999,1.5,2.07,41.12734,-73.80823,181440,10
WNF-S007,6/17/18 14:00,10.79801,20.48,7.77,-95.8,1.137,119.9,10.77,-999,1.2,2.069,41.12736,-73.80826,175940,10
WNF-S007,6/17/18 13:45,10.91437,20.47,7.79,-96.8,1.155,114.4,10.27,-999,1.6,2.083,41.12734,-73.80826,174440,10
WNF-S007,6/17/18 13:30,10.7701,20.42,7.84,-99.6,1.127,110.7,9.95,-999,1.5,2.088,41.12733,-73.80826,172940,9
WNF-S007,6/17/18 13:15,11.28526,20.41,7.77,-95.5,1.153,107.1,9.62,-999,1.3,2.092,41.12732,-73.80823,171440,9
WNF-S007,6/17/18 13:00,11.35705,20.38,7.76,-94.7,1.157,111.7,10.05,-999,1.4,2.094,41.1273,-73.80822,165940,9
WNF-S007,6/17/18 12:45,11.32896,20.26,7.79,-96.6,1.168,110.4,9.96,-999,1.5,2.094,41.1273,-73.80822,164440,8
WNF-S007,6/17/18 12:30,11.3181,20.25,7.76,-94.9,1.137,115.8,10.44,-999,0.6,2.104,41.12731,-73.80824,162940,9
WNF-S007,6/17/18 12:15,11.29627,20.33,7.7,-91.5,1.155,112.2,10.1,-999,1.5,2.111,41.12732,-73.80826,161440,9
WNF-S007,6/17/18 12:00,9.111766,20.27,7.71,-91.9,1.158,110.9,10,-999,1.6,2.116,41.12733,-73.80824,155950,9
WNF-S007,6/17/18 11:45,10.00465,20.17,7.68,-90.5,1.171,108.3,9.78,-999,1.5,2.123,41.12734,-73.80823,154440,10
WNF-S007,6/17/18 11:30,9.754807,20.24,7.72,-92.8,1.159,99.9,9.01,-999,1.6,2.129,41.1273,-73.80823,152940,10
WNF-S007,6/17/18 11:15,9.250289,20.21,7.73,-93.5,1.155,104.8,9.45,-999,1.7,2.132,41.12732,-73.80823,151440,9
WNF-S007,6/17/18 11:00,9.899718,20.18,7.72,-92.9,1.163,107.8,9.729999,-999,1.5,2.132,41.12731,-73.80821,145940,9
WNF-S007,6/17/18 10:45,9.85475,20.18,7.7,-91.3,1.165,110.9,10.02,-999,1.7,2.13,41.1273,-73.80824,144440,9
WNF-S007,6/17/18 10:30,9.560786,20.09,7.67,-89.7,1.164,109.6,9.91,-999,1.6,2.128,41.12732,-73.80822,142940,8
WNF-S007,6/17/18 10:15,9.392725,20.11,7.69,-90.9,1.159,109.6,9.91,-999,1.7,2.118,41.12732,-73.80827,135940,10
WNF-S007,6/17/18 10:00,9.580809,20.14,7.66,-89.2,1.159,108.3,9.79,-999,1.6,2.111,41.12732,-73.80827,135940,10
WNF-S007,6/16/18 19:00,9.450214,20.09,7.88,-102,1.127,121.1,10.95,-999,1.6,1.987,41.12728,-73.80826,225940,9
WNF-S007,6/16/18 18:45,9.599966,20.04,7.89,-102.3,1.128,120.8,10.94,-999,1.6,1.985,41.12727,-73.80823,224440,8
WNF-S007,6/16/18 18:30,9.782388,19.98,7.92,-104,1.126,125.5,11.38,-999,1.6,1.984,41.12728,-73.80827,222940,7
WNF-S007,6/16/18 18:15,9.843559,20.06,7.88,-102.1,1.127,117.5,10.64,-999,1.3,1.98,41.12728,-73.80826,221440,9
WNF-S007,6/16/18 18:00,10.45393,20.12,7.87,-101.2,1.13,119.6,10.81,-999,1.5,1.984,41.12732,-73.80824,215940,9
WNF-S007,6/16/18 17:45,10.03225,20.04,7.88,-102.1,1.128,119.6,10.83,-999,1.4,1.983,41.12732,-73.80826,214440,9
WNF-S007,6/16/18 17:30,9.915774,20.01,7.89,-102.3,1.122,121.7,11.03,-999,1.5,1.986,41.12735,-73.80826,212940,8
WNF-S007,6/16/18 17:15,10.44319,20.07,7.77,-95.3,1.137,110.5,10.01,-999,1.3,1.981,41.1273,-73.80827,211440,8
WNF-S007,6/16/18 17:00,11.14718,20.15,7.77,-95.3,1.133,112.1,10.13,-999,0.9,1.983,41.1273,-73.80827,205940,8
WNF-S007,6/16/18 16:45,11.69588,20.12,7.75,-94.3,1.142,109.7,9.92,-999,1.5,1.99,41.12731,-73.80821,204440,8
WNF-S007,6/16/18 16:30,11.8616,20.08,7.8,-97.1,1.129,114,10.32,-999,1.4,1.995,41.12732,-73.80823,202940,7
WNF-S007,6/16/18 16:15,11.88355,20.02,7.8,-97,1.132,113.4,10.28,-999,1.4,1.996,41.12732,-73.80826,201440,9
WNF-S007,6/16/18 16:00,11.91069,19.99,7.82,-98.2,1.132,111.1,10.07,-999,1.3,1.996,41.12731,-73.80822,195940,10
WNF-S007,6/16/18 15:45,12.00567,19.98,7.8,-97.3,1.118,115.5,10.47,-999,1.4,1.988,41.12728,-73.8082,194440,9
WNF-S007,6/16/18 15:30,11.99396,19.98,7.75,-94.5,1.122,104.1,9.439999,-999,1.2,1.996,41.12734,-73.80822,192940,8
WNF-S007,6/16/18 15:15,12.1388,19.93,7.77,-95.5,1.14,113.7,10.32,-999,1.5,2,41.12733,-73.80822,191440,10
WNF-S007,6/16/18 15:00,12.11685,20,7.75,-94.4,1.126,108.2,9.810001,-999,0.8,2.001,41.12735,-73.80823,185940,10
WNF-S007,6/16/18 14:45,12.07177,19.83,7.76,-95.1,1.12,108.5,9.87,-999,1.3,2,41.12734,-73.80823,184440,11
WNF-S007,6/16/18 14:30,12.06435,20,7.71,-92,1.14,109.9,9.96,-999,1.5,1.998,41.12734,-73.80823,182940,10
WNF-S007,6/16/18 14:15,12.07607,20.05,7.64,-87.9,1.157,102.4,9.270001,-999,1.3,2.011,41.12741,-73.80832,181440,9
WNF-S007,6/16/18 14:00,12.05789,19.96,7.7,-91.5,1.133,113.7,10.31,-999,1.3,2.009,41.12735,-73.80826,175940,10
WNF-S007,6/16/18 13:45,11.79736,19.78,7.64,-88.1,1.139,112.4,10.23,-999,1.4,2.016,41.12734,-73.80824,174440,10
WNF-S007,6/16/18 13:30,12.09099,19.78,7.66,-88.8,1.136,101,9.189999,-999,1.1,2.018,41.12731,-73.80823,172940,9
WNF-S007,6/16/18 13:15,12.06883,19.76,7.62,-86.9,1.147,98.4,8.96,-999,1,2.021,41.1273,-73.80823,171440,9
WNF-S007,6/16/18 13:00,12.05774,19.71,7.63,-87.2,1.154,97.7,8.9,-999,1.2,2.024,41.1273,-73.80823,165940,9
WNF-S007,6/16/18 12:45,11.96908,19.69,7.66,-89.2,1.137,105.9,9.66,-999,1.3,2.032,41.12733,-73.80826,164440,9
WNF-S007,6/16/18 12:30,11.99679,19.67,7.66,-88.9,1.136,103,9.39,-999,1.1,2.033,41.12731,-73.80826,162940,10
WNF-S007,6/16/18 12:15,11.88596,19.62,7.63,-87.4,1.135,100.8,9.2,-999,1.2,2.034,41.12734,-73.80823,161440,10
WNF-S007,6/16/18 12:00,12.03004,19.64,7.58,-84.5,1.151,94.5,8.62,-999,1,2.04,41.12732,-73.80827,155940,9
WNF-S007,6/16/18 11:45,11.93584,19.59,7.62,-86.5,1.158,93.6,8.55,-999,1.1,2.042,41.12732,-73.80824,154440,10
WNF-S007,6/16/18 11:30,12.00233,19.62,7.68,-90.1,1.148,97.9,8.939999,-999,1.1,2.048,41.1273,-73.80823,152940,10
WNF-S007,6/16/18 11:15,11.78068,19.58,7.66,-88.8,1.141,104.2,9.520001,-999,1.5,2.051,41.12732,-73.80823,151440,9
WNF-S007,6/16/18 11:00,11.91367,19.5,7.65,-88.6,1.154,98.9,9.05,-999,1.3,2.054,41.12731,-73.80822,145940,8
WNF-S007,6/16/18 10:45,11.70865,19.57,7.79,-96.3,1.135,107.9,9.86,-999,1.6,2.06,41.12731,-73.80823,144440,9
WNF-S007,6/16/18 10:30,11.89151,19.49,7.76,-94.9,1.129,105.9,9.689999,-999,1.7,2.065,41.12732,-73.80823,142940,8
WNF-S007,6/16/18 10:15,11.69756,19.45,7.79,-96.7,1.137,107.5,9.85,-999,1.4,2.07,41.12733,-73.80827,140645,9
WNF-S007,6/16/18 0:30,11.56457,19.46,7.79,-96.8,1.136,99.9,9.16,-999,1.6,2.071,41.12733,-73.80827,140645,9
WNF-S007,6/16/18 0:15,10.93841,19.43,7.82,-98,1.131,101.6,9.310001,-999,1.5,2.073,41.12732,-73.80827,135145,9
WNF-S007,6/16/18 0:00,11.21548,19.39,7.85,-100.2,1.137,107.6,9.88,-999,1.5,2.075,41.12736,-73.80828,133645,8
WNF-S007,6/15/18 23:45,10.64456,19.42,7.87,-101.2,1.127,112.1,10.28,-999,1.7,2.081,41.12736,-73.8083,132145,8
WNF-S007,6/15/18 23:30,10.55567,19.41,7.89,-102.1,1.126,111,10.18,-999,1.6,2.081,41.12734,-73.80827,130645,8
WNF-S007,6/15/18 23:15,10.61384,19.37,7.87,-101,1.129,109.3,10.03,-999,1.7,2.08,41.12733,-73.80823,125155,8
WNF-S007,6/15/18 23:00,10.13744,19.36,7.85,-100.2,1.124,111.2,10.21,-999,1.7,2.083,41.12735,-73.80823,123635,9
WNF-S007,6/15/18 8:45,10.43416,19.92,7.96,-106.4,1.111,123.9,11.25,-999,1.3,1.953,41.12731,-73.80823,222145,9
WNF-S007,6/15/18 8:30,10.98828,19.98,7.93,-104.8,1.103,119.3,10.82,-999,1.4,1.963,41.1273,-73.80823,220645,9
WNF-S007,6/15/18 8:15,11.34292,20.17,7.94,-105.4,1.098,116.6,10.53,-999,1.3,1.964,41.12731,-73.80821,215145,9
WNF-S007,6/15/18 8:00,11.25981,20,7.89,-102.3,1.111,116.4,10.55,-999,1.2,1.97,41.12732,-73.80818,213645,9
WNF-S007,6/15/18 7:45,11.43712,20.02,7.89,-102.3,1.11,115.2,10.44,-999,1.3,1.967,41.12734,-73.80826,212145,10
WNF-S007,6/15/18 7:30,11.55903,19.83,7.88,-101.6,1.113,113.5,10.32,-999,1.2,1.972,41.1273,-73.80827,210645,8
WNF-S007,6/15/18 7:15,11.55903,20,7.88,-101.7,1.112,114.7,10.4,-999,1.4,1.966,41.12731,-73.80823,205145,7
WNF-S007,6/15/18 7:00,11.04924,19.85,7.89,-102.4,1.084,114.5,10.41,-999,1.4,1.965,41.12732,-73.80824,203645,8
WNF-S007,6/15/18 6:45,11.60336,19.93,7.85,-99.9,1.12,112.6,10.22,-999,1.2,1.966,41.12731,-73.80826,202145,8
WNF-S007,6/15/18 6:30,11.46483,19.86,7.89,-102.6,1.097,119.2,10.84,-999,1.3,1.965,41.1273,-73.80823,200645,9
WNF-S007,6/15/18 6:15,12.07991,19.93,7.79,-96.4,1.127,112.9,10.24,-999,1.1,1.967,41.12731,-73.8082,195145,9
WNF-S007,6/15/18 6:00,11.8638,19.88,7.81,-97.6,1.12,116.2,10.55,-999,1.6,1.966,41.12734,-73.80821,193645,9
WNF-S007,6/15/18 5:45,12.23506,19.92,7.76,-94.8,1.125,114.6,10.4,-999,1.2,1.965,41.12734,-73.80823,192145,10
WNF-S007,6/15/18 5:30,11.0714,19.92,7.73,-92.9,1.123,113.6,10.31,-999,1.3,1.967,41.12734,-73.80822,190645,10
WNF-S007,6/15/18 5:15,11.09911,19.96,7.71,-92,1.122,111.1,10.08,-999,1.2,1.965,41.12734,-73.80823,185145,10
WNF-S007,6/15/18 5:00,11.53687,20.02,7.72,-92.3,1.121,111.8,10.13,-999,1.3,2.025,41.12734,-73.80824,183546,10
WNF-S007,6/15/18 4:45,11.7696,20.17,7.68,-90.2,1.128,108.1,9.76,-999,1.4,1.951,41.12735,-73.80824,182046,10
WNF-S007,6/15/18 4:30,12.22398,19.9,7.59,-85.1,1.144,103,9.35,-999,0.6,1.944,41.12735,-73.80824,180546,10
WNF-S007,6/15/18 4:15,11.57566,19.9,7.63,-87.2,1.131,102.4,9.3,-999,1.1,1.971,0,0,-2147483648,NAN
WNF-S007,6/15/18 4:00,13.47076,19.83,7.59,-85.1,1.138,95.5,8.689999,-999,1,1.92,41.12732,-73.80824,173545,10
WNF-S007,6/15/18 3:45,13.62592,19.89,7.6,-85.5,1.13,94.1,8.54,-999,1.1,1.921,41.12731,-73.80827,172045,9
WNF-S007,6/15/18 3:30,13.34885,19.64,7.61,-85.9,1.146,99.1,9.04,-999,0.8,1.916,41.1273,-73.80821,170545,9
WNF-S007,6/15/18 3:15,14.25208,19.75,7.63,-87,1.121,96.2,8.76,-999,1.4,1.928,41.12734,-73.80822,165035,9
WNF-S007,6/15/18 3:00,13.64808,19.65,7.62,-86.4,1.143,97.4,8.89,-999,1.2,1.927,41.1273,-73.80823,163545,9
WNF-S007,6/15/18 2:45,14.32411,19.65,7.64,-88,1.14,98.8,9.020001,-999,1.2,1.931,41.12733,-73.80827,162045,10
WNF-S007,6/15/18 2:30,13.34885,19.62,7.69,-90.7,1.135,97.7,8.92,-999,1.2,1.931,41.12734,-73.80826,160545,10
WNF-S007,6/15/18 2:15,13.60929,19.65,7.68,-90.2,1.128,94.9,8.66,-999,1.4,1.928,41.12731,-73.80823,155045,10
WNF-S007,6/15/18 2:00,14.13571,19.56,7.66,-89.2,1.138,96.1,8.79,-999,1.3,1.929,41.1273,-73.80821,153545,10
WNF-S007,6/15/18 1:45,15.01677,19.62,7.76,-94.7,1.124,100.2,9.15,-999,1.7,1.934,41.12732,-73.80824,152055,9
WNF-S007,6/15/18 1:30,14.05259,19.65,7.78,-95.9,1.124,106.3,9.7,-999,1.7,1.931,41.1273,-73.80823,150545,10
WNF-S007,6/15/18 1:15,13.4763,19.7,7.76,-95.1,1.118,99.7,9.09,-999,1.8,1.926,41.12731,-73.80822,145045,9
WNF-S007,6/15/18 1:00,14.03597,19.62,7.76,-94.9,1.121,100.6,9.189999,-999,1.8,1.923,41.12732,-73.80823,143555,8
WNF-S007,6/15/18 0:45,13.67559,19.55,7.77,-95.1,1.134,103.6,9.47,-999,1.4,1.919,41.1273,-73.80821,142055,8
WNF-S007,6/15/18 0:30,14.1357,19.54,7.83,-99,1.119,106.2,9.72,-999,1.8,1.907,41.12732,-73.80826,140555,9
WNF-S007,6/15/18 0:15,13.5316,19.55,7.88,-101.5,1.112,108.2,9.9,-999,1.9,1.903,41.12733,-73.80826,135045,8
WNF-S007,6/15/18 0:00,14.68366,19.56,7.86,-100.5,1.11,108.8,9.939999,-999,1.7,1.9,41.12734,-73.80827,133556,7
WNF-S007,6/14/18 23:45,13.88034,19.9,7.72,-92.3,1.131,116.9,10.61,-999,1.3,1.703,41.12734,-73.80827,132046,8
WNF-S007,6/14/18 23:30,14.63866,19.94,7.75,-94.1,1.132,113.8,10.33,-999,1.2,1.714,41.12732,-73.80824,130555,8
WNF-S007,6/14/18 23:15,14.29055,19.77,7.79,-96.7,1.113,124.4,11.33,-999,1.3,1.711,41.12732,-73.80821,125045,10
WNF-S007,6/14/18 23:00,14.92025,19.93,7.6,-85.8,1.135,103.8,9.42,-999,1.1,1.702,41.12733,-73.80822,123555,8
WNF-S007,6/14/18 22:45,14.25425,19.26,7.66,-89.2,1.115,99.3,9.14,-999,1.4,1.565,0,0,-2147483648,NAN
WNF-S007,6/14/18 22:30,14.03705,19.39,7.72,-92.6,1.1,102.7,9.42,-999,1.6,1.575,0,0,-2147483648,NAN
WNF-S007,6/14/18 22:15,14.30869,19.32,7.8,-97.1,1.099,99.3,9.12,-999,1.9,1.584,0,0,-2147483648,NAN
WNF-S007,6/14/18 18:00,15.19716,19.24,7.83,-98.7,1.092,103.8,9.55,-999,1.7,1.58,41.12731,-73.80821,215940,9
WNF-S007,6/14/18 17:45,13.62792,19.26,7.79,-96.5,1.103,103.7,9.54,-999,1.7,1.584,41.1273,-73.80824,214440,9
WNF-S007,6/14/18 17:30,13.57259,19.24,7.79,-96.8,1.105,103.1,9.49,-999,1.8,1.585,41.12734,-73.80824,212940,9
WNF-S007,6/14/18 17:15,13.85467,19.24,7.81,-97.9,1.09,104.5,9.62,-999,1.9,1.579,41.12731,-73.80824,211440,9
WNF-S007,6/14/18 17:00,14.35429,19.22,7.79,-96.4,1.094,105.6,9.72,-999,2,1.567,41.12732,-73.80826,205940,7
WNF-S007,6/14/18 16:45,14.28891,19.59,7.67,-89.4,1.116,112,10.23,-999,1.4,1.582,41.12732,-73.80824,204440,7
WNF-S007,6/14/18 16:30,13.75123,19.59,7.67,-89.7,1.116,113.3,10.35,-999,1.4,1.584,41.12733,-73.80826,202940,8
WNF-S007,6/14/18 16:15,14.17863,19.64,7.67,-89.6,1.111,112.1,10.24,-999,1.4,1.583,41.12732,-73.80826,201440,8
WNF-S007,6/14/18 16:00,13.35742,19.57,7.68,-90,1.114,113.9,10.42,-999,1.3,1.592,41.12731,-73.80821,195940,9
WNF-S007,6/14/18 15:30,13.76157,19.62,7.69,-91,1.107,112.6,10.28,-999,1,1.609,41.12734,-73.80821,193757,9
WNF-S007,6/14/18 15:15,13.39504,19.6,7.69,-90.9,1.11,113,10.33,-999,1.1,1.613,41.12734,-73.80822,192257,10
WNF-S007,6/14/18 15:00,14.23108,19.67,7.69,-90.7,1.103,110.6,10.09,-999,1.2,1.617,41.12734,-73.80823,190757,10
WNF-S007,6/14/18 14:45,13.59321,19.6,7.68,-90.2,1.112,110.6,10.11,-999,1,1.624,41.12734,-73.80824,185257,10
WNF-S007,6/14/18 14:30,13.54837,19.52,7.68,-89.9,1.119,113.4,10.38,-999,1,1.63,41.12734,-73.80824,183757,10
WNF-S007,6/14/18 14:15,14.0138,19.65,7.69,-90.6,1.1,108.7,9.92,-999,1.1,1.643,41.12736,-73.80826,182257,9
WNF-S007,6/14/18 14:00,14.21883,19.54,7.68,-90.4,1.104,112.2,10.26,-999,0.9,1.649,41.12734,-73.80824,180757,10
WNF-S007,6/14/18 13:45,13.53726,19.53,7.68,-90.5,1.113,109,9.97,-999,1.1,1.652,41.12734,-73.80826,175257,10
WNF-S007,6/14/18 13:30,13.96947,19.63,7.68,-90.4,1.106,105.2,9.6,-999,0.9,1.662,41.12731,-73.80824,173757,9
WNF-S007,6/14/18 13:15,15.29937,19.55,7.67,-89.8,1.11,106.2,9.72,-999,0.7,1.665,41.12728,-73.80822,172257,9
WNF-S007,6/14/18 13:00,14.12463,19.56,7.68,-90.1,1.104,99.3,9.08,-999,1,1.666,41.12731,-73.80823,170757,9
WNF-S007,6/14/18 12:45,14.08584,19.53,7.68,-90,1.113,103.4,9.46,-999,1.1,1.672,41.12732,-73.80826,165257,9
WNF-S007,6/14/18 12:30,13.49847,19.56,7.69,-90.8,1.112,99,9.05,-999,1.3,1.683,41.12731,-73.80824,163757,9
WNF-S007,6/14/18 12:15,14.34074,19.5,7.69,-90.7,1.11,97.3,8.91,-999,1.1,1.692,41.12734,-73.80826,162257,9
WNF-S007,6/14/18 12:00,13.37656,19.57,7.69,-90.9,1.103,99.9,9.14,-999,1.2,1.699,41.12733,-73.80827,160757,10
WNF-S007,6/14/18 11:45,14.16896,19.5,7.71,-92.2,1.108,94.6,8.66,-999,1.2,1.697,41.12732,-73.80823,155257,10
WNF-S007,6/14/18 11:30,13.77553,19.55,7.72,-92.6,1.1,96.5,8.82,-999,1.4,1.706,41.12731,-73.80824,153757,9
WNF-S007,6/14/18 11:15,15.26058,19.56,7.71,-92,1.091,89.1,8.15,-999,1.6,1.707,41.12732,-73.80823,152257,9
WNF-S007,6/14/18 11:00,14.20775,19.51,7.71,-91.7,1.09,87.5,8.01,-999,1.8,1.71,41.1273,-73.80822,150757,10
WNF-S007,6/14/18 10:45,14.23545,19.47,7.72,-92.6,1.095,93,8.520001,-999,1.6,1.713,41.12731,-73.80823,145257,10
WNF-S007,6/14/18 10:30,14.22437,19.5,7.73,-92.8,1.097,92.4,8.46,-999,1.6,1.722,41.1273,-73.80821,143757,8
WNF-S007,6/14/18 10:15,14.24653,19.49,7.74,-93.7,1.094,91.7,8.4,-999,1.8,1.725,41.12731,-73.80823,142257,10
WNF-S007,6/14/18 10:00,15.01677,19.56,7.74,-93.9,1.091,90.7,8.29,-999,1.8,1.726,41.12733,-73.80828,140757,10
WNF-S007,6/14/18 9:45,14.35182,19.42,7.75,-94.4,1.096,87.5,8.020001,-999,1.7,1.729,41.12733,-73.80828,135257,8
WNF-S007,6/14/18 9:30,14.07476,19.42,7.78,-95.7,1.09,85.5,7.84,-999,1.6,1.739,41.12735,-73.8083,133757,7
WNF-S007,6/14/18 9:15,14.07476,19.49,7.79,-96.4,1.086,84.9,7.77,-999,1.7,1.75,41.12736,-73.80828,132257,7
WNF-S007,6/14/18 9:00,13.24357,19.46,7.83,-98.8,1.083,94.3,8.64,-999,1.8,1.759,41.12734,-73.80826,130757,9
WNF-S007,6/14/18 8:45,14.19112,19.44,7.83,-99,1.093,98.2,9,-999,1.9,1.765,41.12732,-73.80823,125257,9
WNF-S007,6/14/18 8:30,13.87527,19.46,7.83,-98.8,1.09,98.6,9.04,-999,1.8,1.771,41.12734,-73.80823,123757,8
WNF-S007,6/14/18 8:15,14.279,19.44,7.84,-99.6,1.096,105.1,9.64,-999,1.9,1.78,0,0,-2147483648,NAN
WNF-S007,6/13/18 18:45,13.65362,19.39,7.88,-101.5,1.091,104.9,9.63,-999,1.8,1.786,41.12727,-73.80826,224443,9
WNF-S007,6/13/18 18:15,14.06367,19.48,7.91,-103.6,1.086,108.1,9.9,-999,1.9,1.797,41.1273,-73.80824,221443,9
WNF-S007,6/13/18 18:00,13.70903,19.46,7.93,-104.4,1.083,109.1,10,-999,2,1.805,41.12731,-73.80826,215943,9
WNF-S007,6/13/18 17:45,14.12463,19.44,7.92,-104.2,1.085,108.7,9.96,-999,2,1.805,41.12732,-73.80827,214443,9
WNF-S007,6/13/18 17:15,13.31561,19.44,7.93,-104.4,1.083,110.2,10.1,-999,1.8,1.804,0,0,-2147483648,NAN
WNF-S007,6/13/18 17:00,13.67025,19.43,7.92,-103.9,1.084,110.1,10.09,-999,2,1.808,41.12731,-73.80821,205943,8
WNF-S007,6/13/18 16:45,14.19112,19.43,7.89,-102.4,1.084,108.9,9.979999,-999,2,1.81,41.12731,-73.80822,204443,7
WNF-S007,6/13/18 16:30,14.09692,19.44,7.87,-101.2,1.085,108.5,9.939999,-999,1.8,1.814,41.12733,-73.80823,202943,7
WNF-S007,6/13/18 16:15,13.31561,19.46,7.85,-100,1.083,110.3,10.1,-999,2,1.811,41.12733,-73.80826,201443,8
WNF-S007,6/13/18 16:00,14.01934,19.7,7.66,-88.8,1.131,105.3,9.6,-999,1.2,1.935,41.12732,-73.80822,195943,8
WNF-S007,6/13/18 15:45,13.40981,19.83,7.68,-90.1,1.12,112.9,10.26,-999,1.4,1.937,41.12735,-73.80822,194443,9
WNF-S007,6/13/18 15:30,13.88635,19.56,7.71,-92.1,1.135,107.7,9.84,-999,1.1,1.965,41.12734,-73.80824,192943,10
WNF-S007,6/13/18 15:15,14.07476,24.15,16.73,-622.9,0.006,92,7.72,-999,0.4,-0.348,41.12734,-73.80824,191443,10
WNF-S007,6/13/18 15:00,13.50955,36.66,7.91,-106.8,0.006,96.2,6.51,-999,1.3,-0.351,41.12735,-73.80824,185943,10
WNF-S007,6/13/18 14:45,13.29898,33.79,8.439999,-138.5,0.006,95,6.73,-999,0.7,-0.346,41.12735,-73.80826,184443,10
WNF-S007,6/13/18 14:30,14.08584,29.67,8.270001,-126.9,0.006,94.2,7.16,-999,1.3,-0.341,41.12735,-73.80822,182943,11
WNF-S007,6/13/18 14:15,13.83648,24.41,9.16,-138.5,0.083,109.2,9.12,-999,2.2,0.747,41.12734,-73.80826,181443,10
WNF-S007,6/13/18 14:00,14.20221,24.13,9.17,-138.5,0.083,107.7,9.04,-999,1.9,0.752,41.12735,-73.80828,175943,10
WNF-S007,6/13/18 13:45,14.03597,22.57,8.92,-123.5,0.086,104.9,9.07,-999,1.8,0.756,41.12732,-73.80824,174443,9
WNF-S007,6/13/18 13:30,13.62592,61118,0.008,14.721,153144,78.4,-999.9,-999,0.738,35.65,41.12727,-73.8082,172943,10
WNF-S007,6/13/18 13:15,14.42385,61118,0.008,14.72,151644,73.78,-999.9,-999,0.738,41.54,41.12731,-73.80824,171443,9